Included in exploratory analysis,Included in model,Supergroup,Group,Feature,Display Short name,Display Long name,Calculated using,Regions,Description,Notes
Included,Included,Structure,Global folding,MFE score,MFE,MFE score,RNAfold,"5' UTR, CDS, 3' UTR, mRNA, start codon, stop codon, last 100 nt","Calculated thermodynamic energy predicted for an RNA sequence to fold into the most stable folded state possible, which typically corresponds to the lowest overall free energy.",More negative = more stable predicted fold.
Included,Included,Structure,Global folding,MFE z-score,MFE.z,MFE z-score,RNAfold + esl-shuffle null,"5' UTR, CDS, 3' UTR, mRNA, start codon, stop codon, last 100 nt",Observed MFE standardised against a dinucleotide-preserving shuffled null. Negative = more structured than expected by chance.,
Included,Included,Structure,Global folding,MFE per nucleotide,MFE/nt,MFE/nt,derived (MFE / length),"5' UTR, CDS, 3' UTR, mRNA, start codon, stop codon, last 100 nt","Length-normalised MFE, removing the trivial dependence of folding energy on sequence length.",Derived in engineer.R
Included,Included,Structure,Global folding,C+G and length-predicted MFE,MFE.pred,Composition-predicted MFE,derived nlm (length x GC),"5' UTR, CDS, 3' UTR, mRNA, start codon, stop codon, last 100 nt","MFE predicted from region length and GC content alone, used as a structural baseline.",Derived; calculate_mfe_expected()
Included,Included,Structure,Global folding,MFE delta,MFE.Δ,MFE Δ,derived (observed − comp_pred),"5' UTR, CDS, 3' UTR, mRNA, start codon, stop codon, last 100 nt",Residual structure: observed MFE minus composition predicted MFE. Captures structure beyond what length and GC predict.,Derived; calculate_mfe_delta()
Included,Included,Structure,Local folding,Local MFE score,min.local.MFE,Local MFE,RNALfold,"5' UTR, CDS, 3' UTR, mRNA, start codon, stop codon, last 100 nt","Best local minimum free energy from a sliding-window scan, capturing strong local folds rather than a single global fold.",
Included,Included,Structure,Local folding,Local MFE z-score,min.local.MFE.z,Local MFE z-score,RNALfold + null,"5' UTR, CDS, 3' UTR, mRNA, start codon, stop codon, last 100 nt",Local MFE standardised against a shuffled-sequence null.,
Included,Excluded,Structure,Experimental probing,icSHAPE structural Gini,icSHAPE,icSHAPE Gini <compartment>,derived: Gini of icSHAPE reactivity (Sun et al. 2019),"5' UTR, CDS, 3' UTR, mRNA",Gini coefficient of per-nucleotide icSHAPE reactivity: structural heterogeneity / unevenness across a region.,
Included,Included,Sequence,Length,Sequence length,Length,Length,sequence stats,"5' UTR, CDS, 3' UTR, mRNA",Region length in nucleotides.,
Included,Included,Sequence,Nucleotide composition,C+G% content,C+G%,C+G% content,sequence stats,"5' UTR, CDS, 3' UTR, mRNA, start codon, stop codon, last 100 nt",Fraction of C+G bases in the region.,
Included,Included,Sequence,Nucleotide composition,Nucleotide fraction,nt.<x>%,Fraction <base>,base counts / length,"5' UTR, CDS, 3' UTR, mRNA, start codon, stop codon, last 100 nt","Per-base composition: fraction of A, C, G, U (and 'other').",
Included,Included,Sequence,Nucleotide composition,Purine compositional bias,A+G%,Purine Ratio,$(A+G)$,"5' UTR, CDS, 3' UTR, mRNA, start codon, stop codon, last 100 nt",Purine content as a ratio of total region length.,
Included,Included,Sequence,Nucleotide composition,Amino compositional bias,A+C%,Amino Ratio,$(A+C)$,"5' UTR, CDS, 3' UTR, mRNA, start codon, stop codon, last 100 nt",Amino (A+C) content as a ratio of total region length.,
Included,Included,Sequence,Nucleotide asymmetry,AT skew,AT-skew,AT Skew,$(A-T)/(A+T)$,"5' UTR, CDS, 3' UTR, mRNA, start codon, stop codon, last 100 nt",AT-skew measures the asymmetry in the nucleotide composition.,
Included,Included,Sequence,Nucleotide asymmetry,GC skew,GC-skew,GC Skew,$(G-C)/(G+C)$,"5' UTR, CDS, 3' UTR, mRNA, start codon, stop codon, last 100 nt",GC-skew measures the asymmetry in the nucleotide composition.,
Included,Included,Sequence,Codon composition,Codon frequency,codon.<x>%,Codon freq. CDS <codon>,codon counts / total codons,CDS,Relative usage frequency of each of the 61 sense codons.,
Included,Excluded,Sequence,Amino-acid composition,Amino acid frequency,aa.<x>%,Amino Acid (aa) Frequency,translated CDS,CDS,Relative usage frequency of each of the 20 amino acids.,
Included,Included,Sequence,ORF potential,Stop-free length,stop-free,Stop-free,derived,"5' UTR, CDS, 3' UTR, mRNA",Maximum (in-frame) stop-codon free length for region ,
Included,Included,Translation,Codon adaptation,Codon Adaptation Index,CAI,Codon Adaptation Index,derived,CDS,Measurement of synonymous codon usage bias. CAI quantifies how closely the codon usage of a specific gene matches the codon frequencies of a reference set of highly expressed genes.,Weight table derived from CoCOPUTs; cai.tsv. In code lives in 'standalone' group. But covers just CDS
Included,Included,Translation,uORF architecture,uORF presence,uORF,Has uORF,uORF scan of 5' UTR,"5' UTR, CDS",Whether at least one upstream ORF is present. A uORF is defined here as a region beginning at an in-5'UTR start codon and ending at the first downstream in-frame stop codon. Reading frame is independent of the main ORF frame.,
Included,Included,Translation,Translation efficiency,Translation efficiency,TE,Translation efficiency,Ribo-seq,gene,Mean translation efficiency.,
Included,Included,Translation,Exon architecture,Exon density,Exon.dens.,Exon density,derived,"CDS, mRNA","Number of exon segments overlapping the region, divided by the region length in kb (exon count derived by taking number of junctions in the region, and adding 1)",Our derived version of the Agarwall & Kelley ORF-exon density
Included,Included,Transcript architecture,Junction abundance,Junction density,EEJ.dens.,Junction density,derived (count / length),"5' UTR, CDS, 3' UTR, mRNA","Exon-exon junctions per region, divided by the region length in kb",Derived; add_junction_density().
Included,Included,Transcript architecture,Junction proximity,Junction distance,EEJ.closest,Junction closest distance,derived,"start codon, stop codon",Distance in nucleotides from start or stop codon to closest exon-exon junction,
Included,Included,RNA decay,NMD susceptibility,NMD fragile codon density (SNV),NMD.frag.,NMD fragile codon count / density,NMD fragility model,mRNA,Count and density of codons one SNV away from a stop codon within the NMD-competent zone (from the start codon to 50nt upstream of the last EEJ in a CDS),50 nt threshold
Included,Included,RNA decay,NMD susceptibility,NMD alt-stop count / density,NMD.alt-stop,NMD alt-stop count / density,NMD fragility model,mRNA,Alternative in-frame stop codons reachable in the NMD zone.,
Excluded,Excluded,Structure,Global folding,MFE null median,MFE median,MFE median,esl-shuffle + RNAfold,"5' UTR, CDS, 3' UTR, mRNA, start codon, stop codon, last 100 nt",Median MFE of the shuffled-sequence null distribution used to standardise the observed MFE.,Background term for the z-score; likely exclude from predictors
Excluded,Excluded,Structure,Global folding,MFE empirical p-value,MFE p,MFE p-value,esl-shuffle null,"5' UTR, CDS, 3' UTR, mRNA, start codon, stop codon, last 100 nt",Empirical p-value of the observed MFE against the shuffled null distribution.,Statistical term; likely exclude from predictors
Excluded,Excluded,Structure,Local folding,Local MFE p-value,Local MFE p,Local MFE p-value,null,"5' UTR, CDS, 3' UTR, mRNA, start codon, stop codon, last 100 nt",Empirical p-value for the local MFE against the null.,Statistical term; likely exclude from predictors
Excluded,Excluded,Translation,uORF architecture,uORF count,uORF n,uORF count,uORF scan,mRNA,Number of uORFs (and number overlapping the main ORF).,
Excluded,Excluded,Translation,uORF architecture,uORF length,uORF len,uORF length,uORF scan,5' UTR,Length of detected uORF(s).,
Excluded,Excluded,Translation,uORF architecture,uORF total coding length,uORF tot. codons,Total classical uORF codons,uORF scan,5' UTR,"Cumulative length, in codons, summed over all classical (non-overlapping) uORFs in the 5' UTR.",
Excluded,Excluded,Translation,uORF architecture,uORF max coding length,uORF max codons,Max classical uORF codons,uORF scan,5' UTR,"Length, in codons, of the single longest classical uORF.",
Excluded,Excluded,Translation,uORF architecture,Distance cap to first uATG,cap→uATG,Dist. cap to first uATG,position,mRNA,Distance from the 5' cap to the first upstream AUG.,
Excluded,Excluded,Translation,uORF architecture,Distance last uORF stop to main AUG,uORF→AUG,dist last uORF stop to main ATG,position,mRNA,Spacing between the last uORF stop and the main start codon.,
Excluded,Excluded,Transcript architecture,Exon architecture,Junction density,ORF.EEJ.dens.,ORF-exon junction density,Agarwal & Kelley 2022,mRNA,The number of exon-exon junctions per kilobase of ORF sequence,Gene-level
Excluded,Excluded,Transcript architecture,Exon-intron architecture,Exon count,n exons,Number of exons,GFF,mRNA,Total number of exons in the transcript.,
Excluded,Excluded,Transcript architecture,Exon-intron architecture,Internal exon count,n internal exons,Number of internal exons,GFF,mRNA,Number of internal (non-terminal) exons.,
Excluded,Excluded,Transcript architecture,Exon-intron architecture,Internal exon length,internal exon len,internal exon length (mean/median/sd),GFF,mRNA,Distribution of internal exon lengths.,
Excluded,Excluded,Transcript architecture,Exon-intron architecture,Intron length,intron len,Intron length (mean/median/sd),GFF,mRNA,Distribution of intron lengths.,
Excluded,Excluded,Transcript architecture,Exon-intron architecture,First exon length,first exon len,First exon length,GFF,mRNA,Lengths of the first exon.,
Excluded,Excluded,Transcript architecture,Exon-intron architecture,Last exon length,last exon len,Last exon length,GFF,mRNA,Lengths of the last exon.,
Excluded,Excluded,Transcript architecture,Regional architecture,Non-coding length fraction,non-cod. frac,Non-coding length fraction,derived,mRNA,Fraction of transcript length that is UTR (non-coding).,
Excluded,Excluded,Transcript architecture,Junction abundance,Junction count,EEJ n,Junction count,GFF exon-exon junctions,"5' UTR, CDS, 3' UTR",Number of exon-exon junctions within each region.,
Excluded,Excluded,Transcript architecture,Junction proximity,Junction Distance,EEJ upstream,Junction upstream distance,derived,"start codon, stop codon",Distance in nucleotides from start or stop codon to closest upstream exon-exon junction,
Excluded,Excluded,Transcript architecture,Junction proximity,Junction Distance,EEJ downstream,Junction downstream distance,derived,"start codon, stop codon",Distance in nucleotides from start or stop codon to closest downstream exon-exon junction,
Excluded,Excluded,RNA decay,NMD susceptibility,NMD transition / transversion fragile density,NMD ts,NMD transition fragile codon density,NMD fragility model,mRNA,Fragile-codon density split by mutation type (transition vs transversion).,
Excluded,Excluded,RNA decay,NMD susceptibility,NMD transition / transversion fragile density,NMD tv,NMD transversion fragile codon density,NMD fragility model,mRNA,Fragile-codon density split by mutation type (transition vs transversion).,
Excluded,Excluded,RNA decay,NMD susceptibility,Transition fraction of SNV-fragile,NMD ts frac,transition fraction of snv fragile,NMD fragility model,mRNA,Share of SNV-fragile codons reachable by a transition mutation.,
Excluded,Excluded,Expression,RNA abundance,Expression,Expr,Expression,Agarwal & Kelley 2022,gene,Steady-state expression level.,In code 'standalone' group
Included,Included,Response / evaluation,Half-life,Half-life,Half-life,Half-life,Agarwal & Kelley 2022,gene,mRNA half-life: the response variable being predicted.,"RESPONSE, not a predictor"
Included,Included,Response / evaluation,External prediction,Saluki prediction / prediction difference,Saluki,Saluki prediction / Prediction difference,Saluki model,mRNA,Model-predicted half-life and its residual against observed half-life.,