"feature_id","columns","Included in exploratory analysis","Included in model","Supergroup","Group","Feature","Display Short name","Display Long name","Calculated using","Regions","Description","Notes","Colour"
"rnafold_scores","^rnafold_score_","Included","Included","Structure","Global folding","MFE score","MFE","MFE score","RNAfold","5' UTR, CDS, 3' UTR, mRNA, start codon, stop codon, last 100 nt, UTR interactions","Calculated thermodynamic energy predicted for an RNA sequence to fold into the most stable folded state possible, which typically corresponds to the lowest overall free energy.","More negative = more stable predicted fold.","#2D004B"
"rnafold_zscores","^rnafold_zscore_","Included","Included","Structure","Global folding","MFE z-score","MFE.z","MFE z-score","RNAfold + esl-shuffle null","5' UTR, CDS, 3' UTR, mRNA, start codon, stop codon, last 100 nt, UTR interactions","Observed MFE standardised against a dinucleotide-preserving shuffled null. Negative = more structured than expected by chance.","","#E7298A"
"rnafold_per_nt","^rnafold_per_nt_","Included","Included","Structure","Global folding","MFE per nucleotide","MFE/nt","MFE/nt","derived (MFE / length)","5' UTR, CDS, 3' UTR, mRNA, start codon, stop codon, last 100 nt","Length-normalised MFE, removing the trivial dependence of folding energy on sequence length.","Derived in engineer.R","#D4115A"
"mfe_expected","^mfe_expected_","Included","Excluded","Structure","Global folding","C+G and length-predicted MFE","MFE.pred","Composition-predicted MFE","derived nlm (length x GC)","5' UTR, CDS, 3' UTR, mRNA, start codon, stop codon, last 100 nt","MFE predicted from region length and GC content alone, used as a structural baseline.","Derived; calculate_mfe_expected(). Not a model predictor: a deterministic function of length and GC, and mfe_delta already carries it","#8073AC"
"mfe_deltas","^mfe_delta_","Included","Included","Structure","Global folding","MFE delta","MFE.Δ","MFE Δ","derived (observed − comp_pred)","5' UTR, CDS, 3' UTR, mRNA, start codon, stop codon, last 100 nt","Residual structure: observed MFE minus composition predicted MFE. Captures structure beyond what length and GC predict.","Derived; calculate_mfe_delta()","#542788"
"rnafold_median","^rnafold_median_","Excluded","Excluded","Structure","Global folding","MFE null median","MFE median","MFE median","esl-shuffle + RNAfold","5' UTR, CDS, 3' UTR, mRNA, start codon, stop codon, last 100 nt, UTR interactions","Median MFE of the shuffled-sequence null distribution used to standardise the observed MFE.","Background term for the z-score; likely exclude from predictors",""
"rnafold_pval","^rnafold_pval_","Excluded","Excluded","Structure","Global folding","MFE empirical p-value","MFE p","MFE p-value","esl-shuffle null","5' UTR, CDS, 3' UTR, mRNA, start codon, stop codon, last 100 nt, UTR interactions","Empirical p-value of the observed MFE against the shuffled null distribution.","Statistical term; likely exclude from predictors",""
"rnalfold_scores","^rnalfold_score_","Included","Included","Structure","Local folding","Local MFE score","min.local.MFE","Local MFE","RNALfold","5' UTR, CDS, 3' UTR, mRNA, start codon, stop codon, last 100 nt","Best local minimum free energy from a sliding-window scan, capturing strong local folds rather than a single global fold.","","#FF7F00"
"rnalfold_zscores","^rnalfold_zscore_","Included","Included","Structure","Local folding","Local MFE z-score","min.local.MFE.z","Local MFE z-score","RNALfold + null","5' UTR, CDS, 3' UTR, mRNA, start codon, stop codon, last 100 nt","Local MFE standardised against a shuffled-sequence null.","","#B35806"
"rnalfold_pval","^rnalfold_pval_","Excluded","Excluded","Structure","Local folding","Local MFE p-value","Local MFE p","Local MFE p-value","null","5' UTR, CDS, 3' UTR, mRNA, start codon, stop codon, last 100 nt","Empirical p-value for the local MFE against the null.","Statistical term; likely exclude from predictors",""
"rnalfold_median","^rnalfold_median_","Excluded","Excluded","Structure","Local folding","Local MFE null median","min.local.MFE.median","Local MFE median","RNALfold + null","5' UTR, CDS, 3' UTR, mRNA, start codon, stop codon, last 100 nt","Median local MFE of the shuffled-sequence null distribution.","Background term for the local z-score",""
"probing","^gini_","Included","Excluded","Structure","Experimental probing","icSHAPE structural Gini","icSHAPE.<compartment>","icSHAPE Gini <compartment>","derived: Gini of icSHAPE reactivity (Sun et al. 2019)","5' UTR, CDS, 3' UTR, mRNA","Gini coefficient of per-nucleotide icSHAPE reactivity: structural heterogeneity / unevenness across a region.","","#FDB863"
"lengths","^length_(5utr|cds|3utr|mrna)$","Included","Included","Sequence","Length","Sequence length","Length","Length","sequence stats","5' UTR, CDS, 3' UTR, mRNA","Region length in nucleotides.","","#002642"
"length_windows","^length_(last100|start|stop)$","Excluded","Excluded","Sequence","Length","Analysis-window length","Length","Window length","sequence stats","start codon, stop codon, last 100 nt","Length of the fixed-width analysis windows.","Fixed by construction, not a transcript property (length_last100 takes 2 distinct values)",""
"utr5_length","^utr5_length$","Excluded","Excluded","Sequence","Length","5' UTR length (duplicate)","utr5 length","utr5 length","transcripts.csv","5' UTR","Exact duplicate of length_5utr.","Duplicate column",""
"gc","^gc_content_","Included","Included","Sequence","Nucleotide composition","C+G% content","C+G%","C+G% content","sequence stats","5' UTR, CDS, 3' UTR, mRNA, start codon, stop codon, last 100 nt","Fraction of C+G bases in the region.","","#1F78B4"
"nuc_ratios","^frac_","Included","Excluded","Sequence","Nucleotide composition","Nucleotide fraction","nt.<x>%","Fraction <base>","base counts / length","5' UTR, CDS, 3' UTR, mRNA, start codon, stop codon, last 100 nt","Per-base composition: fraction of A, C, G, U (and 'other').","Not a model predictor: exactly recoverable from C+G% and the two skews (verified to 1e-16)","#01665E"
"purine_ratio","^purine_ratio_","Included","Excluded","Sequence","Nucleotide composition","Purine compositional bias","A+G%","Purine Ratio","$(A+G)$","5' UTR, CDS, 3' UTR, mRNA, start codon, stop codon, last 100 nt","Purine content as a ratio of total region length.","Not a model predictor: exactly recoverable from C+G% and the two skews (verified to 1e-16)","#5AA9A2"
"amino_ratio","^amino_ratio_","Included","Excluded","Sequence","Nucleotide composition","Amino compositional bias","A+C%","Amino Ratio","$(A+C)$","5' UTR, CDS, 3' UTR, mRNA, start codon, stop codon, last 100 nt","Amino (A+C) content as a ratio of total region length.","Not a model predictor: exactly recoverable from C+G% and the two skews (verified to 1e-16)","#35978F"
"at_skew","^at_skew_","Included","Included","Sequence","Nucleotide asymmetry","AT skew","AT-skew","AT Skew","$(A-T)/(A+T)$","5' UTR, CDS, 3' UTR, mRNA, start codon, stop codon, last 100 nt","AT-skew measures the asymmetry in the nucleotide composition.","","#80CDC1"
"gc_skew","^gc_skew_","Included","Included","Sequence","Nucleotide asymmetry","GC skew","GC-skew","GC Skew","$(G-C)/(G+C)$","5' UTR, CDS, 3' UTR, mRNA, start codon, stop codon, last 100 nt","GC-skew measures the asymmetry in the nucleotide composition.","","#C7EAE5"
"codon_freqs","^codon_[acgtu]{3}_","Included","Included","Sequence","Codon composition","Codon frequency","codon.<x>%","Codon freq. CDS <codon>","codon counts / total codons","CDS","Relative usage frequency of each of the 64 codons: the 61 sense codons plus the three stop codons. The three stop-codon columns (UAA, UAG, UGA) act as a near one-hot indicator of which stop codon terminates the CDS rather than as a usage frequency.","","#33A02C"
"cds_codon_counts","^(cds_length_codons_cds|n_codons_scored_cds|n_stops_cds|codon_other_cds)$","Excluded","Excluded","Sequence","Codon composition","CDS codon bookkeeping","cds length codons","CDS codon counts","codon counts","CDS","Codon totals used to normalise the codon and amino-acid fractions, plus the unresolvable-codon bucket.","Denominators that row normalisation exists to remove; codon_other_cds is identically zero",""
"aa_freqs","^aa_","Included","Excluded","Sequence","Amino-acid composition","Amino acid frequency","aa.<x>%","Amino Acid (aa) Frequency","translated CDS","CDS","Relative usage frequency of each of the 20 amino acids.","","#B2DF8A"
"stopfree","^stopfree_length_","Included","Included","Sequence","ORF potential","Stop-free length","stop-free","Stop-free","derived","5' UTR, CDS, 3' UTR, mRNA","Maximum (in-frame) stop-codon free length for region ","","#A6CEE3"
"cai","^cai$","Included","Included","Translation","Codon adaptation","Codon Adaptation Index","CAI","Codon Adaptation Index","derived","CDS","Measurement of synonymous codon usage bias. CAI quantifies how closely the codon usage of a specific gene matches the codon frequencies of a reference set of highly expressed genes.","Weight table derived from CoCOPUTs; cai.tsv. In code lives in 'standalone' group. But covers just CDS","#9E9AC8"
"uorf_present","^uorf_present_","Included","Included","Translation","uORF architecture","uORF presence","uORF","Has uORF","uORF scan of 5' UTR","mRNA","Whether at least one upstream ORF is present. A uORF is defined here as a region beginning at an in-5'UTR start codon and ending at the first downstream in-frame stop codon. Reading frame is independent of the main ORF frame.","","#6A3D9A"
"uorf_count","^(uorf_count_mrna|n_overlapping_uorfs)$","Excluded","Excluded","Translation","uORF architecture","uORF count","uORF n","uORF count","uORF scan","mRNA","Number of uORFs (and number overlapping the main ORF).","",""
"uorf_total_codons","^total_classical_uorf_codons$","Excluded","Excluded","Translation","uORF architecture","uORF total coding length","uORF tot. codons","Total classical uORF codons","uORF scan","5' UTR","Cumulative length, in codons, summed over all classical (non-overlapping) uORFs in the 5' UTR.","",""
"uorf_max_codons","^max_classical_uorf_codons$","Excluded","Excluded","Translation","uORF architecture","uORF max coding length","uORF max codons","Max classical uORF codons","uORF scan","5' UTR","Length, in codons, of the single longest classical uORF.","",""
"dist_cap_uatg","^dist_cap_to_first_uatg_","Excluded","Excluded","Translation","uORF architecture","Distance cap to first uATG","cap→uATG","Dist. cap to first uATG","position","mRNA","Distance from the 5' cap to the first upstream AUG.","",""
"dist_uorf_stop_atg","^dist_last_uorf_stop_to_main_atg$","Excluded","Excluded","Translation","uORF architecture","Distance last uORF stop to main AUG","uORF→AUG","dist last uORF stop to main ATG","position","mRNA","Spacing between the last uORF stop and the main start codon.","",""
"te","^translation_efficiency$","Included","Excluded","Translation","Translation efficiency","Translation efficiency","TE","Translation efficiency","Ribo-seq","gene","Mean translation efficiency.","Not a model predictor: a measured phenotype, not a sequence feature; 25.8% missing","#BCBDDC"
"exon_density","^exon_density_","Included","Included","Transcript architecture","Exon architecture","Exon density","Exon.dens.","Exon density","derived","mRNA","Number of exon segments overlapping the region, divided by the region length in kb (exon count derived by taking number of junctions in the region, and adding 1)","Our derived version of the Agarwall & Kelley ORF-exon density","#DFC27D"
"orfexondensity","^orfexondensity$","Excluded","Excluded","Transcript architecture","Exon architecture","ORF-exon junction density","ORF.EEJ.dens.","ORF-exon junction density","Agarwal & Kelley 2022","mRNA","The number of exon-exon junctions per kilobase of ORF sequence","Gene-level",""
"junction_density","^junctions_density_","Included","Excluded","Transcript architecture","Junction abundance","Junction density","EEJ.dens.","Junction density","derived (count / length)","5' UTR, CDS, 3' UTR, mRNA","Exon-exon junctions per region, divided by the region length in kb","Derived; add_junction_density().. Not a model predictor while the exon/junction encodings are being settled","#E31A1C"
"junction_count","^junctions_count_","Excluded","Excluded","Transcript architecture","Junction abundance","Junction count","EEJ n","Junction count","GFF exon-exon junctions","5' UTR, CDS, 3' UTR, mRNA","Number of exon-exon junctions within each region.","",""
"eej_dist_closest","^eej_dist_closest_","Included","Included","Transcript architecture","Junction proximity","Junction distance","EEJ.closest","Junction closest distance","derived","start codon, stop codon","Distance in nucleotides from start or stop codon to closest exon-exon junction","","#8C510A"
"eej_dist_upstream","^eej_dist_upstream_","Excluded","Excluded","Transcript architecture","Junction proximity","Junction upstream distance","EEJ upstream","Junction upstream distance","derived","start codon, stop codon","Distance in nucleotides from start or stop codon to closest upstream exon-exon junction","",""
"eej_dist_downstream","^eej_dist_downstream_","Excluded","Excluded","Transcript architecture","Junction proximity","Junction downstream distance","EEJ downstream","Junction downstream distance","derived","start codon, stop codon","Distance in nucleotides from start or stop codon to closest downstream exon-exon junction","",""
"stop_dist_last_downstream","^stop_dist_last_downstream$","Excluded","Excluded","Transcript architecture","Junction proximity","Distance stop to last junction","stop dist last downstream","Stop to last downstream junction","derived","stop codon","Distance from the stop codon to the last downstream exon-exon junction.","Superseded by eej_dist_closest_stop",""
"exon_count","^exon_count_mrna$","Excluded","Excluded","Transcript architecture","Exon-intron architecture","Exon count","n exons","Number of exons","GFF","mRNA","Total number of exons in the transcript.","",""
"internal_exon_count","^exon_count_internal_mrna$","Excluded","Excluded","Transcript architecture","Exon-intron architecture","Internal exon count","n internal exons","Number of internal exons","GFF","mRNA","Number of internal (non-terminal) exons.","",""
"internal_exon_length","^internal_exon_","Excluded","Excluded","Transcript architecture","Exon-intron architecture","Internal exon length","internal exon len","internal exon length (mean/median/sd)","GFF","mRNA","Distribution of internal exon lengths.","",""
"intron_length","^intron_","Excluded","Excluded","Transcript architecture","Exon-intron architecture","Intron length","intron len","Intron length (mean/median/sd)","GFF","mRNA","Distribution of intron lengths.","",""
"last_exon_length","^exon_length_last_","Excluded","Excluded","Transcript architecture","Exon-intron architecture","Last exon length","last exon len","Last exon length","GFF","mRNA","Lengths of the last exon.","",""
"nmd_snv_fragile","^nmd_snv_fragile_codon_density_","Included","Included","RNA decay","NMD susceptibility","NMD fragile codon density (SNV)","NMD.frag.","NMD fragile codon count / density","NMD fragility model","mRNA","Count and density of codons one SNV away from a stop codon within the NMD-competent zone (from the start codon to 50nt upstream of the last EEJ in a CDS)","50 nt threshold","#B15928"
"nmd_alt_stop","^nmd_alt_stop_codon_density_","Included","Included","RNA decay","NMD susceptibility","NMD alt-stop count / density","NMD.alt-stop","NMD alt-stop count / density","NMD fragility model","mRNA","Alternative in-frame stop codons reachable in the NMD zone.","","#D9822B"
"nmd_transition","^nmd_transition_fragile_codon_density_","Included","Included","RNA decay","NMD susceptibility","NMD transition fragile density","NMD ts","NMD transition fragile codon density","NMD fragility model","mRNA","Fragile-codon density split by mutation type (transition vs transversion).","","#7F2704"
"nmd_transversion","^nmd_transversion_fragile_codon_density_","Included","Included","RNA decay","NMD susceptibility","NMD transversion fragile density","NMD tv","NMD transversion fragile codon density","NMD fragility model","mRNA","Fragile-codon density split by mutation type (transition vs transversion).","","#E6550D"
"nmd_transition_fraction","^nmd_transition_fraction_of_snv_fragile_","Included","Included","RNA decay","NMD susceptibility","Transition fraction of SNV-fragile","NMD ts frac","transition fraction of snv fragile","NMD fragility model","mRNA","Share of SNV-fragile codons reachable by a transition mutation.","","#FDAE6B"
"expression_level","","Excluded","Excluded","Expression","RNA abundance","Expression","Expr","Expression","Agarwal & Kelley 2022","gene","Steady-state expression level.","In code 'standalone' group. Not yet built: no column in the cache",""
"halflife","^halflife$","Included","Included","Response / evaluation","Half-life","Half-life","Half-life","Half-life","Agarwal & Kelley 2022","gene","mRNA half-life: the response variable being predicted.","RESPONSE, not a predictor (TARGET_COL)",""
"saluki","^saluki_prediction$","Included","Excluded","Response / evaluation","External prediction","Saluki prediction / prediction difference","Saluki","Saluki prediction / Prediction difference","Saluki model","mRNA","Model-predicted half-life and its residual against observed half-life.","Benchmark only, never a predictor (BENCHMARK_COLS in config.R). prediction_difference is not yet computed",""
